# Names should be added to this file with this pattern:
#
# For individuals:
#   Name <email address>
#
# For organizations:
#   Organization <fnmatch pattern>
#
# See python fnmatch module documentation for more information.
#
# Please keep the list sorted.

# BEGIN individuals section.
Aaron Boushley <boushley@gmail.com>
Aaron Dewes <aarondewes@gmail.com>
Aaron Jacobs <samusaaron3@gmail.com>
Aaron Leventhal <aaronlevbugs@gmail.com>
Aaron Randolph <aaron.randolph@gmail.com>
Aaryaman Vasishta <jem456.vasishta@gmail.com>
AbdAlRahman Gad <abdobngad@gmail.com>
Abdu Ameen <abdu.ameen000@gmail.com>
Abdullah Abu Tasneem <a.tasneem@samsung.com>
Abhijeet Kandalkar <abhijeet.k@samsung.com>
Abhinav Vij <abhinav.vij@samsung.com>
Abhishek Agarwal <abhishek.a21@samsung.com>
Abhishek Kanike <abhishek.ka@samsung.com>
Abhishek Singh <abhi.rathore@samsung.com>
Abin K Paul <abin.paul1@gmail.com>
Abul Hasan Md Osama <ahm.osama@samsung.com>
Adam Bonner <abonner-chromium@solscope.com>
Adam Bujalski <abujalski@gmail.com>
Adam Kallai <kadam@inf.u-szeged.hu>
Adam Labuda <a.labuda@samsung.com>
Anguluri Aravind Kumar <ar.kumar@samsung.com>
Adam Roben <adam@github.com>
Adam Treat <adam.treat@samsung.com>
Adam Yi <i@adamyi.com>
Addanki Gandhi Kishor <kishor.ag@samsung.com>
Adenilson Cavalcanti <a.cavalcanti@samsung.com>
Adesh Attavar <adesh.attavar@gmail.com>
Aditi Singh <a20.singh@samsung.com>
Aditya Agarwal <ad.agarwal@samsung.com>
Aditya Bhargava <heuristicist@gmail.com>
Aditya Sharma <a2.sharma@samsung.com>
Adrian Belgun <adrian.belgun@intel.com>
Adrian Ratiu <adrian.ratiu@collabora.corp-partner.google.com>
Adrià Vilanova Martínez <me@avm99963.com>
Ahmed Elwasefi <a.m.elwasefi@gmail.com>
Ahmet Emir Ercin <ahmetemiremir@gmail.com>
Aidarbek Suleimenov <suleimenov.aidarbek@gmail.com>
Aiden Grossman <aidengrossmanpso@gmail.com>
Airing Deng <airingdeng@gmail.com>
Ajay Berwal <a.berwal@samsung.com>
Ajay Berwal <ajay.berwal@samsung.com>
Ajay Sharma <ajay.sh@samsung.com>
Ajith Kumar V <ajith.v@samsung.com>
Akash Yadav <akash1.yadav@samsung.com>
Akihiko Odaki <akihiko.odaki@gmail.com>
Akos Kiss <akiss@inf.u-szeged.hu>
Akpokwaye Mudiaga <mudiaga.akpokwaye@gitstart.dev>
Aku Kotkavuo <a.kotkavuo@partner.samsung.com>
Aldo Culquicondor <alculquicondor@gmail.com>
Alec Petridis <alecthechop@gmail.com>
Aleksandar Stojiljkovic <aleksandar.stojiljkovic@intel.com>
Aleksei Gurianov <gurianov@gmail.com>
Alesandro Ortiz <alesandro@alesandroortiz.com>
Alessandro Astone <ales.astone@gmail.com>
Alex Chronopoulos <achronop@gmail.com>
Alex Gabriel <minilogo@gmail.com>
Alex Gartrell <agartrell@cmu.edu>
Alex Gaynor <alex.gaynor@gmail.com>
Alex Henrie <alexhenrie24@gmail.com>
Alex Scheele <alexscheele@gmail.com>
Alexander Douglas <agdoug@amazon.com>
Alexander Forrence <alex.forrence@gmail.com>
Alexander Frick <alex313031@gmail.com>
Alexander Guettler <alexander@guettler.io>
Alexander Rezepkin <etu@vivaldi.net>
Alexander Shalamov <alexander.shalamov@intel.com>
Alexander Sulfrian <alexander@sulfrian.net>
Alexander Zhirov <ciberst@gmail.com>
Alexandre Abreu <wiss1976@gmail.com>
Alexandru Chiculita <achicu@adobe.com>
Alexey Knyazev <lexa.knyazev@gmail.com>
Alexey Korepanov <alexkorep@gmail.com>
Alexey Kuts <kruntuid@gmail.com>
Alexey Kuzmin <alex.s.kuzmin@gmail.com>
Alexey Kuznetsov <saturas2000@gmail.com>
Alexey Terentiev <alexeyter@gmail.com>
Alexia Bojian <bojianalexia4@gmail.com>
Alexis Brenon <brenon.alexis@gmail.com>
Alexis La Goutte <alexis.lagoutte@gmail.com>
Alexis Menard <alexis.menard@intel.com>
Alfredo Hernandez <ahernandez.miralles@gmail.com>
Ali Vathi <ali.akbar@gmail.com>
Allan Sandfeld Jensen <allan.jensen@qt.io>
Alper Çakan <alpercakan98@gmail.com>
Alvaro Silva <alvaro.fagner@gmail.com>
Ambareesh Balaji <ambareeshbalaji@gmail.com>
Ambarish Rapte <ambarish.r@samsung.com>
Amey Jahagirdar <jahagird@amazon.com>
Amit Paul <a.paul@samsung.com>
Amit Sarkar <amit.srkr@samsung.com>
Amogh Bihani <amogh.bihani@samsung.com>
Amos Lim <amoseui@gmail.com>
Amos Lim <eui-sang.lim@samsung.com>
Amruth Raj <amruthraj@motorola.com>
Amruth Raj <ckqr36@motorola.com>
Anand Ratn <anand.ratn@samsung.com>
Anant Jain <anant90@gmail.com>
Anastasios Cassiotis <tom.cassiotis@gmail.com>
anatoly techtonik <techtonik@gmail.com>
Ancil George <ancilgeorge@samsung.com>
Andra Paraschiv <andra.paraschiv@intel.com>
Andras Tokodi <a.tokodi@eyeo.com>
Andreas Nazlidis <andreas221b@gmail.com>
Andreas Papacharalampous <andreas@apap04.com>
Andrei Borza <andrei.borza@gmail.com>
Andrei Parvu <andrei.prv@gmail.com>
Andrei Parvu <parvu@adobe.com>
Andrei Volykhin <andrei.volykhin@gmail.com>
Andres Salomon <dilinger@queued.net>
Andreu Botella <andreu@andreubotella.com>
Andrew Boyarshin <andrew.boyarshin@gmail.com>
Andrew Brampton <me@bramp.net>
Andrew Brindamour <abrindamour@bluejeans.com>
Andrew Hung <andrhung@amazon.com>
Andrew Jorgensen <ajorgens@amazon.com>
Andrew MacPherson <andrew.macpherson@soundtrap.com>
Andrew Nicols <andrewrn@gmail.com>
Andrew Tulloch <andrew@tullo.ch>
Andriy Rysin <arysin@gmail.com>
Anish Patankar <anish.p@samsung.com>
Ankit Kiran <sahuankit453@gmail.com>
Ankit Kumar <ankit2.kumar@samsung.com>
Ankur Verma <ankur1.verma@samsung.com>
Anna Henningsen <anna@addaleax.net>
Anne Kao <annekao94@gmail.com>
Ansh Mishra <mishra.ansh6@gmail.com>
Anshul Jain <anshul.jain@samsung.com>
Anssi Hannula <anssi.hannula@iki.fi>
Anthony Halliday <anth.halliday12@gmail.com>
Anton Bershanskyi <bershanskyi@gmail.com>
Anton Obzhirov <a.obzhirov@samsung.com>
Antonin Hildebrand <antonin.hildebrand@gmail.com>
Antonio Gomes <a1.gomes@sisa.samsung.com>
Anuj Kumar Sharma <anujk.sharma@samsung.com>
Anukul Chand <anukul.chand@samsung.com>
Anže Lešnik <anze@lesnik.cc>
Ao Hui <aohui.wan@gmail.com>
Ao Sun <ntusunao@gmail.com>
Ao Wang <wangao.james@bytedance.com>
Aquibuzzaman Md. Sayem <md.sayem@samsung.com>
Arjun Karthik <arjunkar@amazon.com>
Arman Ghotb <armanghotb@gmail.com>
Armin Burgmeier <aburgmeier@bloomberg.net>
Arnaud Coomans <hello@acoomans.com>
Arnaud Mandy <arnaud.mandy@intel.com>
Arnaud Renevier <a.renevier@samsung.com>
Arnaud Renevier <arnaud@switchboard.app>
Arpita Bahuguna <a.bah@samsung.com>
Arthur Lussos <developer0420@gmail.com>
Artin Lindqvist <artin.lindqvist.chromium@gmail.com>
Artur Akerberg <artur.aker@gmail.com>
Arun Kulkarni <kulkarni.a@samsung.com>
Arun Kumar <arun87.kumar@samsung.com>
Arun Mankuzhi <arun.m@samsung.com>
Arunoday Sarkar <a.sarkar.arun@gmail.com>
Arunprasad Rajkumar <ararunprasad@gmail.com>
Arunprasad Rajkumar <arurajku@cisco.com>
Arup Barua <arup.barua@samsung.com>
Aryan Kaushik <aryankaushik2023@gmail.com>
Asami Doi <d0iasm.pub@gmail.com>
Ashish Kumar Gupta <guptaag@amazon.com>
Ashlin Joseph <ashlin.j@samsung.com>
Ashutosh  <codingtosh@gmail.com>
Asish Singh <asish.singh@samsung.com>
Attila Dusnoki <dati91@gmail.com>
Avi Mathur <avi.mathur009@gmail.com>
Avinaash Doreswamy <avi.nitk@samsung.com>
Axel Chong <haxatron1@gmail.com>
Ayush Dubey <dubeyaayush07@gmail.com>
Ayush Khandelwal <k.ayush@samsung.com>
Azhar Shaikh <azhar.shaikh@intel.com>
Balazs Kelemen <b.kelemen@samsung.com>
Baul Eun <baul.eun@samsung.com>
Behara Mani Shyam Patro <behara.ms@samsung.com>
Bem Jones-Bey <bemajaniman@gmail.com>
Bem Jones-Bey <bjonesbe@adobe.com>
Ben Coe <bencoe@gmail.com>
Ben Fiola <benfiola@gmail.com>
Ben Karel <eschew@gmail.com>
Ben Noordhuis <ben@strongloop.com>
Benedek Heilig <benecene@gmail.com>
Benjamin Dupont <bedupont@cisco.com>
Benjamin Jemlich <pcgod99@gmail.com>
Beomsik Min <beomsikm@gmail.com>
Bernard Cafarelli <voyageur@gentoo.org>
Bernhard M. Wiedemann <bwiedemann@suse.de>
Bert Belder <bertbelder@gmail.com>
Bhagirathi Satpathy <bhagirathi.s@samsung.com>
Bhanukrushana Rout <b.rout@samsung.com>
Biljith Jayan <billy.jayan@samsung.com>
Bin Liao <bin.liao@intel.com>
Bin Miao <bin.miao@intel.com>
Binoy Kumar Sutradhar <binoy.s@samsung.com>
Boaz Sender <boaz@bocoup.com>
Bobby Powers <bobbypowers@gmail.com>
Bradley Needham <bradley.needham@sony.com>
Branden Archer <bma4@zips.uakron.edu>
Brendan Kirby <brendan.kirby@imgtec.com>
Brendan Long <self@brendanlong.com>
Brendon Tiszka <btiszka@gmail.com>
Brett Lewis <brettlewis@brettlewis.us>
Brian Dunn <brian@theophil.us>
Brian G. Merrell <bgmerrell@gmail.com>
Brian Konzman, SJ <b.g.konzman@gmail.com>
Brian Luft <brian@electroly.com>
Brian Merrell, Novell Inc. <bgmerrell@gmail.com>
Brian Salomon <briansalomon@gmail.com>
Brian Yip <itsbriany@gmail.com>
Brook Hong <hzgmaxwell@gmail.com>
Bruce Dai <feng.dai@intel.com>
Bruno Calvignac <bruno@flock.com>
Bruno de Oliveira Abinader <brunoabinader@gmail.com>
Bruno Pitrus <brunopitrus@hotmail.com>
Bruno Roy <brusi_roy@hotmail.com>
Bryan Donlan <bdonlan@gmail.com>
Bryce Thomas <bryct@amazon.com>
Burton <burton@typewritten.net>
Byounghoon Yoon <bill.2714@kakaocorp.com>
Byoungkwon Ko <codeimpl@gmail.com>
Byungwoo Lee <bw80.lee@samsung.com>
Caesar Wang <wxt@rock-chips.com>
Caio Marcelo de Oliveira Filho <caio.de.oliveira.filho@intel.com>
Caitlin Potter <caitpotter88@gmail.com>
Calvin Mei <calvimei@amazon.com>
Calvin Watford <watfordcalvin@gmail.com>
Cameron Gutman <aicommander@gmail.com>
Camille Viot <viot.camille@outlook.com>
Can Liu <peter.can.liu@gmail.com>
Carlos Santa <carlos.santa@intel.com>
Casey Primozic <me@ameo.link>
Catalin Badea <badea@adobe.com>
Cathie Chen <cathiechen@tencent.com>
Cem Kocagil <cem.kocagil@gmail.com>
Cezary Kułakowski <cezary.kulakowski@gmail.com>
CGQAQ <m.jason.liu@gmail.com>
Chakshu Ahuja <chakshu.a@samsung.com>
Chakshu Pragya <pragya.c1@samsung.com>
Chamal De Silva <chamalsl@yahoo.com>
Chandan Padhi <c.padhi@samsung.com>
Chandra Shekar Vallala <brk376@motorola.com>
Chandramouli Sanchi <cm.sanchi@samsung.com>
Chang Shu <c.shu@samsung.com>
Changbin Shao <changbin.shao@intel.com>
Changjun Yang <changjun.yang@intel.com>
ChangSeok Lee <charlie.lee921@gmail.com>
ChangSeok Oh <changseok.oh@bytedance.com>
ChangSeok Oh <shivamidow@gmail.com>
Changwan Hong <changwan.hong@navercorp.com>
Changyeon Kim <cyzero.kim@samsung.com>
Chanho Park <parkch98@gmail.com>
Chansik Yun <chansik.yun@gmail.com>
Chany Arpin-Plante <chany.arpin@gmail.com>
Chanyong Moon <dev.chanyongmoon@gmail.com>
Chaobin Zhang <zhchbin@gmail.com>
Charles Vaughn <cvaughn@gmail.com>
Cheng Zhao <zcbenz@gmail.com>
Cheng Yu <yuzichengcode@gmail.com>
Chenguang Shao <chenguangshao1@gmail.com>
Chengzhong Wu <legendecas@gmail.com>
Choongwoo Han <cwhan.tunz@gmail.com>
Choudhury M. Shamsujjoha <choudhury.s@samsung.com>
Chris Dalton <chris@rive.app>
Chris Greene <cwgreene@amazon.com>
Chris Harrelson <chrishtr@gmail.com>
Chris Nardi <hichris123@gmail.com>
Chris Szurgot <szurgotc@amazon.com>
Chris Tserng <tserng@amazon.com>
Chris Vasselli <clindsay@gmail.com>
Chris Ye <hawkoyates@gmail.com>
Christian Liebel <christianliebel@gmail.com>
Christoph Staengle <christoph142@gmx.com>
Christophe Dumez <ch.dumez@samsung.com>
Christopher Dale <chrelad@gmail.com>
Chunbo Hua <chunbo.hua@intel.com>
Claudio DeSouza <claudiomdsjr@gmail.com>
Clemens Fruhwirth <clemens@endorphin.org>
Clement Scheelfeldt Skau <clementskau@gmail.com>
Clinton Staley <clintstaley@gmail.com>
Cong Zuo <zckevinzc@gmail.com>
Connor Pearson <cjp822@gmail.com>
Conrad Irwin <conrad.irwin@gmail.com>
Craig Schlenter <craig.schlenter@gmail.com>
Csaba Osztrogonác <ossy.szeged@gmail.com>
Cynthia Revström <me@cynthia.re>
Daegyu Lee <na7jun8gi@gmail.com>
Dai Chunyang <chunyang.dai@intel.com>
Daiwei Li <daiweili@suitabletech.com>
Damien Marié <damien@dam.io>
Dan McCombs <overridex@gmail.com>
Daniel Adams <msub2official@gmail.com>
Daniel Bertalan <dani@danielbertalan.dev>
Daniel Bevenius <daniel.bevenius@gmail.com>
Daniel Bomar <dbdaniel42@gmail.com>
Daniel Carvalho Liedke <dliedke@gmail.com>
Daniel Charles <daniel.charles@intel.com>
Daniel Imms <daniimms@amazon.com>
Daniel Izquierdo <daniel.izquierdo@gmail.com>
Daniel Johnson <danielj41@gmail.com>
Daniel Lockyer <thisisdaniellockyer@gmail.com>
Daniel Nishi <dhnishi@gmail.com>
Daniel Platz <daplatz@googlemail.com>
Daniel Playfair Cal <daniel.playfair.cal@gmail.com>
Daniel Richard G. <iskunk@gmail.com>
Daniel Shaulov <dshaulov@ptc.com>
Daniel Trebbien <dtrebbien@gmail.com>
Daniel Waxweiler <daniel.waxweiler@gmail.com>
Daniel Zhao <zhaodani@amazon.com>
Dániel Bátyai <dbatyai@inf.u-szeged.hu>
Dániel Vince <vinced@inf.u-szeged.hu>
Daniil Suvorov <severecloud@gmail.com>
Danny Weiss <danny.weiss.fr@gmail.com>
Danylo Boiko <danielboyko02@gmail.com>
Daoming Qiu <daoming.qiu@intel.com>
Darik Harter <darik.harter@gmail.com>
Darryl Pogue <darryl@dpogue.ca>
Darshan Sen <raisinten@gmail.com>
Darshini KN <kn.darshini@samsung.com>
Dave Vandyke <kzar@kzar.co.uk>
David Benjamin <davidben@mit.edu>
David Brown <develop.david.brown@gmail.com>
David Cernoch <dcernoch@uplandsoftware.com>
David Davidovic <david@davidovic.io>
David Erceg <erceg.david@gmail.com>
David Faden <dfaden@gmail.com>
David Fox <david@davidjfox.com>
David Futcher <david.mike.futcher@gmail.com>
David Jin <davidjin@amazon.com>
David Lechner <david@pybricks.com>
David Leen <davileen@amazon.com>
David Manouchehri <david@davidmanouchehri.com>
David McAllister <mcdavid@amazon.com>
David Michael Barr <david.barr@samsung.com>
David Redondo <kde@david-redondo.de>
David Sanders <dsanders11@ucsbalum.com>
David Spellman <dspell@amazon.com>
David Valachovic <adenflorian@gmail.com>
Dax Kelson <dkelson@gurulabs.com>
Dean Leitersdorf <dean.leitersdorf@gmail.com>
Debadree Chatterjee <debadree333@gmail.com>
Debashish Samantaray <d.samantaray@samsung.com>
Debin Zhang <debinzhang3@gmail.com>
Debug Wang <debugwang@tencent.com>
Deep Shah <deep.shah@samsung.com>
Deepak Dilip Borade <deepak.db@samsung.com>
Deepak Mittal <deepak.m1@samsung.com>
Deepak Mohan <hop2deep@gmail.com>
Deepak Sharma <deepak.sharma@amd.com>
Deepak Singla <deepak.s@samsung.com>
Deniz Eren Evrendilek <devrendilek@gmail.com>
Deokjin Kim <deokjin81.kim@samsung.com>
Deomid rojer Ryabkov <rojer9@gmail.com>
Derek Halman <d.halman@gmail.com>
Devlin Cronin <rdevlin.cronin@gmail.com>
Dheeraj Kumar <dh.kumar@samsung.com>
Dhi Aurrahman <dio@rockybars.com>
Di Wu <meetwudi@gmail.com>
Diana Suvorova <diana.suvorova@gmail.com>
Diego Fernández Santos <agujaydedal@gmail.com>
Diego Ferreiro Val <elfogris@gmail.com>
Dillon Sellars <dill.sellars@gmail.com>
Dingming Liu <liudingming@bytedance.com>
Divya Bansal <divya.bansal@samsung.com>
Dmitry Shachnev <mitya57@gmail.com>
Dmitry Sokolov <dimanne@gmail.com>
Dominic Elm <elmdominic@gmx.net>
Dominic Farolino <domfarolino@gmail.com>
Dominic Jodoin <dominic.jodoin@gmail.com>
Dominik Röttsches <dominik.rottsches@intel.com>
Dominik Schütz <do.sch.dev@gmail.com>
Don Woodward <woodward@adobe.com>
Donghee Na <corona10@gmail.com>
Dong-hee Na <donghee.na92@gmail.com>
Dongie Agnir <dongie.agnir@gmail.com>
Dongjun Kim <deejay.kim@navercorp.com>
Dongjun Kim <djmix.kim@samsung.com>
Dongseong Hwang <dongseong.hwang@intel.com>
Dongwoo Joshua Im <dw.im@samsung.com>
Dongyu Lin <l2d4y3@gmail.com>
Donna Wu <donna.wu@intel.com>
Douglas Browne <douglas.browne123@gmail.com>
Douglas F. Turner <doug.turner@gmail.com>
Drew Blaisdell <drew.blaisdell@gmail.com>
Dushyant Kant Sharma <dush.sharma@samsung.com>
Dustin Doloff <doloffd@amazon.com>
Ebrahim Byagowi <ebrahim@gnu.org>
Ebrahim Byagowi <ebraminio@gmail.com>
Eden Wang <nedenwang@tencent.com>
Eduardo Lima (Etrunko) <eblima@gmail.com>
Eduardo Lima (Etrunko) <eduardo.lima@intel.com>
Edward Baker <edward.baker@intel.com>
Edward Crossman <tedoc2000@gmail.com>
Edward Trist <edwardtrist@gmail.com>
Eero Häkkinen <e.hakkinen@samsung.com>
Eero Häkkinen <eero.hakkinen@intel.com>
Egor Starkov <egor.starkov@samsung.com>
Ehsan Akhgari <ehsan.akhgari@gmail.com>
Ehsan Akhgari <ehsan@mightyapp.com>
Elan Ruusamäe <elan.ruusamae@gmail.com>
Eldar Rello <eldar.rello@gmail.com>
Ely Ronnen <elyronnen@gmail.com>
Emil Suleymanov <emil@esnx.xyz>
Ergun Erdogmus <erdogmusergun@gmail.com>
Eric Ahn <byungwook.ahn@gmail.com>
Eric Huang <ele828@gmail.com>
Eric Long <i@hack3r.moe>
Eric Rescorla <ekr@rtfm.com>
Erik Hill <erikghill@gmail.com>
Erik Kurzinger <ekurzinger@gmail.com>
Erik Sjölund <erik.sjolund@gmail.com>
Eriq Augustine <eriq.augustine@gmail.com>
Ernesto Mudu <ernesto.mudu@gmail.com>
Ethan Chen <randomgamingdev@gmail.com>
Ethan Wong <bunnnywong@gmail.com>
Etienne Laurin <etienne@atnnn.com>
Eugene Kim <eugene70kim@gmail.com>
Eugene Sudin <eugene@sudin.pro>
Eunseok Oh <fivesilverstone@gmail.com>
Evan Peterson <evan.peterson.ep@gmail.com>
Evan Wallace <evan.exe@gmail.com>
Evangelos Foutras <evangelos@foutrelis.com>
Evgeniy Dushistov <dushistov@gmail.com>
Evgeny Agafonchikov <evgeny.agafonchikov@akvelon.com>
Fabian Henneke <fabian.henneke@gmail.com>
Fabien Tassin <fta@sofaraway.org>
Fan Wen <fan.wen.dev@gmail.com>
Fauzia Haque <fauzia.haque@samsung.com>
Feifei Wang <alexswang@tencent.com>
Felipe Erias Morandeira <felipeerias@gmail.com>
Felix H. Dahlke <fhd@ubercode.de>
Felix Weilbach <feweilbach@gmail.com>
Feng Shengyuan <fengshengyuan@agora.io>
Feng Yu <f3n67u@gmail.com>
Fengrong Fang <fr.fang@samsung.com>
Fernando Jiménez Moreno <ferjmoreno@gmail.com>
Finbar Crago <finbar.crago@gmail.com>
François Beaufort <beaufort.francois@gmail.com>
François Devatine <devatine@verizonmedia.com>
Francois Kritzinger <francoisk777@gmail.com>
Francois Rauch <leopardb@gmail.com>
Frankie Dintino <fdintino@theatlantic.com>
Franklin Ta <fta2012@gmail.com>
Fred Ranking <luliang14@huawei.com>
Frédéric Jacob <frederic.jacob.78@gmail.com>
Frédéric Wang <fred.wang@free.fr>
Fu Junwei <junwei.fu@intel.com>
Gabriel Campana <gabriel.campana@ledger.fr>
Gabriel “gabldotink” <gabl@gabl.ink>
Gabor Rapcsanyi <g.rapcsanyi@samsung.com>
Gaetano Mendola <mendola@gmail.com>
Gajendra N <gajendra.n@samsung.com>
Gajendra Singh <wxjg68@motorola.com>
Ganesh Borle <ganesh.borle@samsung.com>
Gao Chun <chun.gao@intel.com>
Gao Chun <gaochun.dev@gmail.com>
Gao Sheng <gaosheng08@meituan.com>
Gao Yu <wanggao@tencent.com>
Gaurav Dhol <gaurav.dhol@einfochips.com>
Gautham Banasandra <gautham.bangalore@gmail.com>
George Adams <geoada@amazon.com>
George Joseph <kottackal.george@gmail.com>
George Liaskos <geo.liaskos@gmail.com>
Georgy Buranov <gburanov@gmail.com>
Gergely Nagy <ngg@ngg.hu>
Getulio Sánchez <valentin2507@gmail.com>
Gideon Pyzer <gjpyzer@gmail.com>
Giovanni Panaro <tsrwebgl@gmail.com>
Girish Kumar M <mck.giri@samsung.com>
Gitanshu Mehndiratta <g.mehndiratt@samsung.com>
Giuseppe Iuculano <giuseppe@iuculano.it>
Gloam <gaoqingguang@kuaishou.com>
Gnanasekar Somanathan <gnanasekar.s@samsung.com>
Gordana Cmiljanovic <gordana.cmiljanovic@imgtec.com>
Goutham Jagannatha <wrm364@motorola.com>
Graham Sturmy <gsturmychromium@gmail.com>
Graham Yoakum <gyoakum@skobalt.com>
Grandhi Sri Nikhil <g1.nikhil@samsung.com>
Greg Visser <gregvis@gmail.com>
Gregory Davis <gpdavis.chromium@gmail.com>
Grzegorz Czajkowski <g.czajkowski@samsung.com>
Guangzhen Li <guangzhen.li@intel.com>
Guobin Wu <wuguobin.1229@bytedance.com>
Gurpreet Kaur <k.gurpreet@samsung.com>
Gustav Tiger <gustav.tiger@sonymobile.com>
Gyuyoung Kim <gyuyoung.kim@navercorp.com>
Gzob Qq <gzobqq@gmail.com>
Habib Virji <habib.virji@samsung.com>
Haeun Kim <ggrace.kim93@gmail.com>
Haeun Kim <haeungun@gmail.com>
Haitao Feng <haitao.feng@intel.com>
Halley Zhao <halley.zhao@intel.com>
Halton Huo <halton.huo@gmail.com>
Halton Huo <halton.huo@intel.com>
Hans Hillen <hans.hillen@gmail.com>
Hansel Lee <mr.hansel.lee@gmail.com>
Hanwen Zheng <eserinc.z@gmail.com>
Hao Li <hao.x.li@intel.com>
Haojian Wu <hokein.wu@gmail.com>
Haoran Tang <haoran.tang.personal@gmail.com>
Haoxuan Zhang <zhanghaoxuan.59@bytedance.com>
Hari Singh <hari.singh1@samsung.com>
Harpreet Singh Khurana <harpreet.sk@samsung.com>
Harshal Gupta <gupta.h@samsung.com>
Harshikesh Kumar <harshikeshnobug@gmail.com>
Harshit Pal <harshitp12345@gmail.com>
Hassan Salehe Matar <hassansalehe@gmail.com>
Hautio Kari <khautio@gmail.com>
He Qi <heqi899@gmail.com>
Heejin R. Chung <heejin.r.chung@samsung.com>
Heeyoun Lee <heeyoun.lee@samsung.com>
Helmut Januschka <helmut@januschka.com>
Henrique de Carvalho <decarv.henrique@gmail.com>
Henrique Limas <henrique.ramos.limas@gmail.com>
Henry Lim <henry@limhenry.xyz>
Hikari Fujimoto <hikari.p.fujimoto@gmail.com>
Himadri Agrawal <h2.agrawal@samsung.com>
Himanshu Joshi <h.joshi@samsung.com>
Himanshu Nayak <himanshu.nayak@amd.corp-partner.google.com>
Hiroki Oshima <hiroki.oshima@gmail.com>
Hiroyuki Matsuda <gsittyz@gmail.com>
Hodol Han <bab6ting@gmail.com>
Holger Kraus <kraush@amazon.com>
Hong Zheng <hong.zheng@intel.com>
Hongbo Min <hongbo.min@intel.com>
Horia Olaru <horia.olaru@gmail.com>
Horia Olaru <olaru@adobe.com>
Hosung You <hosung.you@samsung.com>
Huai Wang <gkvjwa@gmail.com>
Huapeng Li <huapengl@amazon.com>
Huayong Xu <huayong.xu@samsung.com>
Hung Ngo <ngotienhung195@gmail.com>
Hugo Holgersson <hugo.holgersson@sonymobile.com>
Hui Wang <wanghui07050707@gmail.com>
Hui Wang <wanghui210@huawei.com>
Huiwon Jo <jhwon0415@gmail.com>
Hunseop Jeong <hs85jeong@gmail.com>
Huy Duong <huy.duongdinh@gmail.com>
Hwanseung Lee <hs1217.lee@gmail.com>
Hwanseung Lee <hs1217.lee@samsung.com>
Hyemi Shin <hyemi.sin@samsung.com>
HyeockJin Kim <kherootz@gmail.com>
Hyojeong Kim <42.4.hyojekim@gmail.com>
Hyomin Kim <ajtwlsalsdl0@gmail.com>
Hyomin Kim <hyoputer.kim@samsung.com>
Hyungchan Kim <inlinechan@gmail.com>
Hyungun Kim <khw3754@gmail.com>
Hyungwook Lee <hyungwook.lee@navercorp.com>
Hyungwook Lee <withlhw@gmail.com>
HyunJi Kim <hjkim3323@gmail.com>
Hyunjun Shin <hyunjun.shin2@navercorp.com>
Hyunjun Shin <shjj1504@gmail.com>
Hyunjune Kim <hyunjune.kim@navercorp.com>
Hyunjune Kim <hyunjune.kim@samsung.com>
Hyunki Baik <hyunki.baik@samsung.com>
Ian Cullinan <cullinan@amazon.com>
Ian Scott <ian.scott@arteris.com>
Ibrar Ahmed <ibrar.ahmad@gmail.com>
Ilia Demianenko <ilia.demianenko@gmail.com>
Ilia K <ki.stfu@gmail.com>
Ilwoo Lee <ilwoo905.lee@samsung.com>
Ilya Konstantinov <ilya.konstantinov@gmail.com>
Imam Mohammad Bokhary <imam.bokhary@samsung.com>
Imranur Rahman <i.rahman@samsung.com>
Imranur Rahman <ir.shimul@gmail.com>
Ion Rosca <rosca@adobe.com>
Irmak Kavasoglu <irmakkavasoglu@gmail.com>
Isaac Murchie <murchieisaac@gmail.com>
Isaac Reilly <reillyi@amazon.com>
Ivan Naydonov <samogot@gmail.com>
Ivan Pavlotskiy <ivan.pavlotskiy@lgepartner.com>
Ivan Sham <ivansham@amazon.com>
Ivan Sidorov <ivansid@gmail.com>
Jacek Fedoryński <jfedor@gmail.com>
Jack Bates <jack@nottheoilrig.com>
Jack Shi <flystone2020@gmail.com>
Jackson Loeffler <j@jloeffler.com>
Jacky Hu <flameddd@gmail.com>
Jacob Clark <jacob.jh.clark@googlemail.com>
Jacob Mandelson <jacob@mandelson.org>
Jaehun Lim <ljaehun.lim@samsung.com>
Jaehyun Chung <jaehyun.chung@amd.com>
Jaehyun Ko <jaehyun.dev@gmail.com>
Jaehyun Lee <j-hyun.lee@samsung.com>
Jaekyeom Kim <btapiz@gmail.com>
Jaemin Seo <jaemin86.seo@samsung.com>
Jaemo Koo <jaemok@amazon.com>
Jaemo Koo <koo2434@gmail.com>
Jaeseok Yoon <yjaeseok@gmail.com>
Jaewon Choi <jaewon.james.choi@gmail.com>
Jaewon Jung <jw.jung@navercorp.com>
Jaeyong Bae <jdragon.bae@gmail.com>
Jagadesh P <jagadeshjai1999@gmail.com>
Jagdish Chourasia <jagdish.c@samsung.com>
Jagdish Chourasia <jagdish.jnu08@gmail.com>
Jaime Soriano Pastor <jsorianopastor@gmail.com>
Jake Helfert <jake@helfert.us>
Jake Hendy <me@jakehendy.com>
Jakob Weigert <jakob.j.w@googlemail.com>
Jakub Machacek <xtreit@gmail.com>
James Burton <jb@0.me.uk>
James Choi <jchoi42@pha.jhu.edu>
James Crosby <crosby.james@gmail.com>
James Raphael Tiovalen <jamestiotio@gmail.com>
James Stanley <james@apphaus.co.uk>
James Vega <vega.james@gmail.com>
James Wei <james.wei@intel.com>
James Willcox <jwillcox@litl.com>
Jan Grulich <grulja@gmail.com>
Jan Keitel <jan.keitel@gmail.com>
Jan Rucka <ruckajan10@gmail.com>
Jan Sauer <jan@jansauer.de>
Jan-Michael Brummer <jan.brummer@tabos.org>
Janusz Majnert <jmajnert@gmail.com>
Janwar Dinata <j.dinata@gmail.com>
Jared Shumway <jaredshumway94@gmail.com>
Jared Sohn <jared.sohn@gmail.com>
Jared Wein <weinjared@gmail.com>
Jari Karppanen <jkarp@amazon.com>
Jason Gronn <jasontopia03@gmail.com>
Javayhu <javayhu@gmail.com>
Jay Kapadia <jaykapadia389@gmail.com>
Jay Oster <jay@kodewerx.org>
Jay Soffian <jaysoffian@gmail.com>
Jay Yang <sjyang1126@gmail.com>
Jeado Ko <haibane84@gmail.com>
Jeffrey C <jeffreyca16@gmail.com>
Jeffrey Yeung <jeffrey.yeung@poly.com>
Jelle Bleyaert <jellebley@gmail.com>
Jeong A Shin <jeonga@khu.ac.kr>
Jeongeun Kim <je_julie.kim@samsung.com>
Jeongmin Kim <kimwjdalsl@gmail.com>
Jeongwoo Park <jwoo.park@navercorp.com>
Jeongwoo Park <skeksk91@gmail.com>
Jeremy Noring <jnoring@hirevue.com>
Jeremy Spiegel <jeremysspiegel@gmail.com>
Jeroen Van den Berghe <vandenberghe.jeroen@gmail.com>
Jerry Lin <wahahab11@gmail.com>
Jerry Zhang <zhj8407@gmail.com>
Jesper Storm Bache <jsbache@gmail.com>
Jesper van den Ende <jespertheend@gmail.com>
Jesse Miller <jesse@jmiller.biz>
Jesus Sanchez-Palencia <jesus.sanchez-palencia.fernandez.fil@intel.com>
Jia Yu <yujia.1019@bytedance.com>
Jiadong Chen <chenjiadong@huawei.com>
Jiadong Zhu <jiadong.zhu@linaro.org>
Jiahao Lu <lujjjh@gmail.com>
Jiahe Zhang <jiahe.zhang@intel.com>
Jiajia Qin <jiajia.qin@intel.com>
Jiajie Hu <jiajie.hu@intel.com>
Jianfeng Liu <liujianfeng1994@gmail.com>
Jiangzhen Hou <houjiangzhen@360.cn>
Jianjun Zhu <jianjun.zhu@intel.com>
Jianneng Zhong <muzuiget@gmail.com>
Jiawei Shao <jiawei.shao@intel.com>
Jiawei Chen <jiawei.chen@dolby.com>
Jiawei Wang <hellojw513@gmail.com>
Jiaxun Wei <leuisken@gmail.com>
Jiaxun Yang <jiaxun.yang@flygoat.com>
Jiayi Yao <zhexi.yjy@antgroup.com>
Jidong Qin <qinjidong@qianxin.com>
Jie Chen <jie.a.chen@intel.com>
Jihan Chao <jihan@bluejeans.com>
Jihoon Chung <j.c@navercorp.com>
Jihoon Chung <jihoon@gmail.com>
Jihun Brent Kim <devgrapher@gmail.com>
Jihwan Marc Kim <bluewhale.marc@gmail.com>
Jin Yang <jin.a.yang@intel.com>
Jincheol Jo <jincheol.jo@navercorp.com>
Jinfeng Ma <majinfeng1@xiaomi.com>
Jing Zhao <zhaojing7@xiaomi.com>
Jinglong Zuo <zuojinglong@xiaomi.com>
Jingqi Sun <jingqi.sun@hotmail.com>
Jingqi Sun <sunjingqi47@gmail.com>
Jingwei Liu <kingweiliu@gmail.com>
Jingyi Wei <wjywbs@gmail.com>
Jinho Bang <jinho.bang@samsung.com>
Jinsong Fan <fanjinsong@sogou-inc.com>
Jinsong Fan <jinsong.van@gmail.com>
Jinwoo Song <jinwoo7.song@samsung.com>
Jinyoung Hur <hur.ims@navercorp.com>
Jinyoung Hur <hurims@gmail.com>
Jitendra Kumar Sahoo <jitendra.ks@samsung.com>
Jitesh Pareek <j1.pareek@samsung.com>
Joachim Bauch <jbauch@webrtc.org>
Joachim Bauch <mail@joachim-bauch.de>
Joanmarie Diggs <joanmarie.diggs@gmail.com>
Joe Knoll <joe.knoll@workday.com>
Joe Thomas <mhx348@motorola.com>
Joel Stanley <joel@jms.id.au>
Joey Jiao <joeyjiao0810@gmail.com>
Joey Mou <joeymou@amazon.com>
Johann <johann@duck.com>
Johannes Rudolph <johannes.rudolph@googlemail.com>
John Ingve Olsen <johningveolsen@gmail.com>
John Kleinschmidt <kleinschmidtorama@gmail.com>
John Yani <vanuan@gmail.com>
John Yoo <nearbyh13@gmail.com>
Johnson Lin <johnson.lin@intel.com>
Jojo R <rjiejie@gmail.com>
Jon Jensen <jonj@netflix.com>
Jonathan Frazer <listedegarde@gmail.com>
Jonathan Garbee <jonathan@garbee.me>
Jonathan Hacker <jhacker@arcanefour.com>
Jonathan Johnson <johnsonjonathan593@gmail.com>
Jonathan Kingston <kingstonmailbox@gmail.com>
Jonathan Shimonovich <jonathans@talon-sec.com>
Jongdeok Kim <jongdeok.kim@navercorp.com>
Jongheon Kim <sapzape@gmail.com>
JongKwon Lee <jongkwon.lee@navercorp.com>
Jongmok Kim <jongmok.kim@navercorp.com>
Jongmok Kim <johny.kimc@gmail.com>
Jongsoo Lee <leejongsoo@gmail.com>
Joonas Halinen <joonashalinen@outlook.com>
Joone Hur <joone.hur@intel.com>
Joonghun Park <pjh0718@gmail.com>
Jorge Villatoro <jorge@tomatocannon.com>
Jorrit Jongma <jorrit@jongma.org>
Joseph Gentle <josephg@gmail.com>
Joseph Lolak <joseph.lolak@samsung.com>
Josh Triplett <josh.triplett@intel.com>
Josh Triplett <josh@joshtriplett.org>
Joshua Lock <joshua.lock@intel.com>
Joshua Olaoye <joshuaolaoye46@gmail.com>
Joshua Roesslein <jroesslein@gmail.com>
Josué Ratelle <jorat1346@gmail.com>
Josyula Venkat Narasimham <venkat.nj@samsung.com>
Joy Roy <joy.roy.nil76@gmail.com>
Joyer Huang <collger@gmail.com>
Juan Cruz Viotti <jv@jviotti.com>
Juan Jose Lopez Jaimez <jj.lopezjaimez@gmail.com>
Juba Borgohain <chromiumjuba@gmail.com>
Juhui Lee <juhui24.lee@samsung.com>
Julian Geppert <spctstr@gmail.com>
Julien Brianceau <jbriance@cisco.com>
Julien Isorce <j.isorce@samsung.com>
Julien Racle <jracle@logitech.com>
Jun Fang <jun_fang@foxitsoftware.com>
Jun Jiang <jun.a.jiang@intel.com>
Junbong Eom <jb.eom@samsung.com>
Jungchang Park <valley84265@gmail.com>
Junchao Han <junchao.han@intel.com>
Junghoon Lee <sjh836@gmail.com>
Junghyuk Yoo <wjdgurdl272@gmail.com>
JungJik Lee <jungjik.lee@samsung.com>
Jungkee Song <jungkee.song@samsung.com>
Junmin Zhu <junmin.zhu@intel.com>
Junsang Mo <mojunsang26@gmail.com>
Junsong Li <ljs.darkfish@gmail.com>
Jun Wang <wangjuna@uniontech.com>
Jun Xu <jun1.xu@intel.com>
Jun Zeng <hjunzeng6@gmail.com>
Justin Okamoto <justmoto@amazon.com>
Justin Ribeiro <justin@justinribeiro.com>
Jüri Valdmann <juri.valdmann@qt.io>
Juyoung Kim <chattank05@gmail.com>
Jingge Yu <jinggeyu423@gmail.com>
Jing Peiyang <jingpeiyang@eswincomputing.com>
Jinli Wu <wujinli@bytedance.com>
K. M. Merajul Arefin <m.arefin@samsung.com>
Kai Jiang <jiangkai@gmail.com>
Kai Köhne <kai.koehne@qt.io>
Kai Uwe Broulik <kde@privat.broulik.de>
Kal Conley <kcconley@gmail.com>
Kalyan Kondapally <kalyan.kondapally@intel.com>
Kamil Jiwa <kamil.jiwa@gmail.com>
Kamil Rytarowski <krytarowski@gmail.com>
Kanaru Sato <i.am.kanaru.sato@gmail.com>
Kangil Han <kangil.han@samsung.com>
Kangyuan Shu <kangyuan.shu@intel.com>
Karan Thakkar <karanjthakkar@gmail.com>
Karel Král <kralkareliv@gmail.com>
Karl <karlpolicechromium@gmail.com>
Karl Piper <karl4piper@gmail.com>
Kartikey Bhatt <kartikey@amazon.com>
Kaspar Brand <googlecontrib@velox.ch>
Kaushalendra Mishra <k.mishra@samsung.com>
Kaustubh Atrawalkar <kaustubh.a@samsung.com>
Kaustubh Atrawalkar <kaustubh.ra@gmail.com>
Ke He <ke.he@intel.com>
Ke Yu <kekely5692@gmail.com>
Keeley Hammond <vertedinde@electronjs.org>
Keeling <liqining.keeling@bytedance.com>
Keene Pan <keenepan@linpus.com>
Keiichiro Nagashima <n4ag3a2sh1i@gmail.com>
Keita Suzuki <keitasuzuki.park@gmail.com>
Keita Yoshimoto <y073k3@gmail.com>
Keith Chen <keitchen@amazon.com>
Keith Cirkel <chromium@keithcirkel.co.uk>
Kelsen Liu <kelsenliu21@gmail.com>
Kenneth Rohde Christiansen <kenneth.r.christiansen@intel.com>
Kenneth Strickland <ken.strickland@gmail.com>
Kenneth Zhou <knthzh@gmail.com>
Kenny Levinsen <kl@kl.wtf>
Keonho Kim <keonho07.kim@samsung.com>
Ketan Atri <ketan.atri@samsung.com>
Ketan Goyal <ketan.goyal@samsung.com>
Kevin Gibbons <bakkot@gmail.com>
Kevin Lee Helpingstine <sig11@reprehensible.net>
Kevin M. McCormick <mckev@amazon.com>
Kexy Biscuit <kexybiscuit@aosc.io>
Kexy Biscuit <kexybiscuit@gmail.com>
Keyou <qqkillyou@gmail.com>
Khasim Syed Mohammed <khasim.mohammed@linaro.org>
Khem Raj <raj.khem@gmail.com>
Kihong Kwon <kihong.kwon@samsung.com>
Kihoon Ko <rhrlgns777@gmail.com>
Kihwang Kim <pwangkk@gmail.com>
Kim Christensen <kimworking@gmail.com>
Kimberly Hunter <kimberhu@amazon.com>
Kingshuk Jana <kingshuk.j@samsung.com>
Kirill Bobyrev <kirillbobyrev@gmail.com>
Kirill Ovchinnikov <kirill.ovchinn@gmail.com>
Klemen Forstnerič <klemen.forstneric@gmail.com>
Kodam Nagaraju <k2.nagaraju@samsung.com>
Konrad Dzwinel <kdzwinel@gmail.com>
Kousuke Takaki <yoseio@brainoid.dev>
Kovacs Zeteny <brightbulbapp@gmail.com>
Krishna Chaitanya <krish.botta@samsung.com>
Kristof Kosztyo <kkosztyo.u-szeged@partner.samsung.com>
Krzysztof Czech <k.czech@samsung.com>
Krzysztof Wolanski <k.wolanski@samsung.com>
Kui Tan <tk1061178@gmail.com>
Kunal Thakar <kunalt@gmail.com>
Kushal Pisavadia <kushi.p@gmail.com>
Kwanghee Lee <ekwange@gmail.com>
Kwangho Shin <k_h.shin@samsung.com>
Kyle Nahrgang <kpn24@drexel.edu>
Kyle Plumadore <kyle.plumadore@amd.com>
Kyounga Ra <kyounga.ra@gmail.com>
Kyoungdeok Kwon <kkd927@gmail.com>
Kyung Yeol Kim <chitacan@gmail.com>
Kyungsun Lee <kyungsuny.lee@gmail.com>
Kyungtae Kim <ktf.kim@samsung.com>
Kyungyoung Heo <bbvch13531@gmail.com>
Kyutae Lee <gorisanson@gmail.com>
Lalit Chandivade <lalit.chandivade@einfochips.com>
Lalit Rana <lalitrn44@gmail.com>
Lam Lu <lamlu@amazon.com>
Laszlo Gombos <l.gombos@samsung.com>
Laszlo Radanyi <bekkra@gmail.com>
lauren n. liberda <lauren@selfisekai.rocks>
Lauren Yeun Kim <lauren.yeun.kim@gmail.com>
Lauri Oherd <lauri.oherd@gmail.com>
Lavar Askew <open.hyperion@gmail.com>
Le Hoang Quyen <le.hoang.q@gmail.com>
Leena Kaushik <l1.kaushik@samsung.com>
Legend Lee <guanxian.li@intel.com>
Leith Bade <leith@leithalweapon.geek.nz>
Lei Gao <leigao@huawei.com>
Lei Li <lli.kernel.kvm@gmail.com>
Lenny Khazan <lenny.khazan@gmail.com>
Leo Wolf <jclw@ymail.com>
Leon Han <leon.han@intel.com>
Leung Wing Chung <lwchkg@gmail.com>
Levi Zim <rsworktech@outlook.com>
Li Yanbo <liyanbo.monster@bytedance.com>
Li Yin <li.yin@intel.com>
Lian Ruilong <lianrl@dingdao.com>
Lian Ruilong <lianruilong1108@gmail.com>
Lidwine Genevet <lgenevet@cisco.com>
Lin Guo <sinyu890807@gmail.com>
Lin Sun <lin.sun@intel.com>
Lin Peng <penglin220@gmail.com>
Lin Peng <penglin22@huawei.com>
Lingqi Chi <someway.bit@gmail.com>
Lingyun Cai <lingyun.cai@intel.com>
Linnan Li <lilinnan0903@gmail.com>
Lionel Landwerlin <lionel.g.landwerlin@intel.com>
Lisha Guo <lisha.guo@intel.com>
Lizhi Fan <lizhi.fan@samsung.com>
Loo Rong Jie <loorongjie@gmail.com>
Lorenzo Stoakes <lstoakes@gmail.com>
Lu Guanqun <guanqun.lu@gmail.com>
Luc Shi <lei.a.shi@intel.com>
Luca Casonato <luccasonato@gmail.com>
Luca Di Domenico <luca94dd@gmail.com>
Lucie Brozkova <lucinka.brozkova@gmail.com>
Luiz Von Dentz <luiz.von.dentz@intel.com>
Luka Dojcilovic <l.dojcilovic@gmail.com>
Lukas Lihotzki <lukas@lihotzki.de>
Lukasz Krakowiak <lukasz.krakowiak@mobica.com>
Luke Inman-Semerau <luke.semerau@gmail.com>
Luke Gu <gulukesh@gmail.com>
Luke Warlow <lukewarlow156@gmail.com>
Luke Warlow <luke@warlow.dev>
Luke Zarko <lukezarko@gmail.com>
Luoxi Pan <l.panpax@gmail.com>
Lu Yahan <yahan@iscas.ac.cn>
Lyra Rebane <rebane2001@gmail.com>
Ma Aiguo <imaiguo@gmail.com>
Maarten Lankhorst <m.b.lankhorst@gmail.com>
Maciej Pawlowski <m.pawlowski@eyeo.com>
Magnus Danielsson <fuzzac@gmail.com>
Mahesh Kulkarni <mahesh.kk@samsung.com>
Mahesh Machavolu <mahesh.ma@samsung.com>
Mahmoud Ahmed <mahmoudaahmedd@gmail.com>
Maksim Kolesin <mkolesin@gmail.com>
Maksim Sisov <maksim.sisov@intel.com>
Malcolm Wang <malcolm.2.wang@gmail.com>
Mallikarjuna Rao V <vm.arjun@samsung.com>
Manish Chhajer <chhajer.m@samsung.com>
Manish Jethani <m.jethani@eyeo.com>
Manjunath Babu <10manju@gmail.com>
Manojkumar Bhosale <manojkumar.bhosale@imgtec.com>
Manuel Braun <thembrown@gmail.com>
Manuel Lagana <manuel.lagana.dev@gmail.com>
Manuel Palenzuela Merino <manuelpalenzuelamerino@gmail.com>
Mao Yujie <maojie0924@gmail.com>
Mao Yujie <yujie.mao@intel.com>
Marc des Garets <marc.desgarets@googlemail.com>
Marcello Balduccini <marcello.balduccini@gmail.com>
Marcio Caroso <msscaroso@gmail.com>
Marcin Wiacek <marcin@mwiacek.com>
Marco Monaco <marco.monaco@ocado.com>
Marco Rodrigues <gothicx@gmail.com>
Marcos Caceres <marcos@marcosc.com>
Marek Behún <kabel@kernel.org>
Mariam Ali <alimariam@noogler.google.com>
Mario Pistrich <m.pistrich@gmail.com>
Mario Sanchez Prada <mario.prada@samsung.com>
Mariusz Mlynski <marius.mlynski@gmail.com>
Mark Hahnenberg <mhahnenb@andrew.cmu.edu>
Mark Seaborn <mrs@mythic-beasts.com>
Mark Winter <wintermarkedward@gmail.com>
Marten Richter <marten.richter@tu-berlin.de>
Martijn Croonen <martijn@martijnc.be>
Martin Aberer <mail@martin-aberer.at>
Martin Bednorz <m.s.bednorz@gmail.com>
Martin Persson <mnpn03@gmail.com>
Martin Rogalla <martin@martinrogalla.com>
Martina Kollarova <martina.kollarova@intel.com>
Martino Fontana <tinozzo123@gmail.com>
Marvin Giessing <marvin.giessing@gmail.com>
Masahiro Yado <yado.masa@gmail.com>
Masaru Nishida <msr.i386@gmail.com>
Masayuki Wakizaka <mwakizaka0108@gmail.com>
Matej Knopp <matej.knopp@gmail.com>
Matheus Bratfisch <matheusbrat@gmail.com>
Mathias Bynens <mathias@qiwi.be>
Mathieu Meisser <mmeisser@logitech.com>
Matt Arpidone <mma.public@gmail.com>
Matt Fysh <mattfysh@gmail.com>
Matt Harding <majaharding@gmail.com>
Matt Jolly <kangie@gentoo.org>
Matt Strum <mstrum@amazon.com>
Matt Zeunert <matt@mostlystatic.com>
Matthew "strager" Glazar <strager.nds@gmail.com>
Matthew Bauer <mjbauer95@gmail.com>
Matthew Demarest <demarem@amazon.com>
Matthew Robertson <matthewrobertson03@gmail.com>
Matthew Turk <matthewturk@gmail.com>
Matthew Webb <mwebbmwebb@gmail.com>
Matthew Willis <appamatto@gmail.com>
Matthias Reitinger <reimarvin@gmail.com>
Matthieu Rigolot <matthieu.rigolot@gmail.com>
Matthieu Vlad Hauglustaine <matt.hauglustaine@gmail.com>
Mattias Buelens <mattias.buelens@gmail.com>
Max Coplan <mchcopl@gmail.com>
Max Perepelitsyn <pph34r@gmail.com>
Max Schmitt <max@schmitt.mx>
Max Vujovic <mvujovic@adobe.com>
Mayank Gupta <mayank.g1@samsung.com>
Mayur Kankanwadi <mayurk.vk@samsung.com>
Mc Zeng <zengmcong@gmail.com>
Md Abdullah Al Alamin <a.alamin.cse@gmail.com>
Md. Hasanur Rashid <hasanur.r@samsung.com>
Md Hasibul Hasan <hasibulhasan873@gmail.com>
Md Hasibul Hasan <hasibul.h@samsung.com>
Md Jobed Hossain <jobed.h@samsung.com>
Md Raiyan bin Sayeed <mrbsayee@uwaterloo.ca>
Md. Sadiqul Amin <sadiqul.amin@samsung.com>
Md Sami Uddin <md.sami@samsung.com>
Mego Tan <tannal2409@gmail.com>
Merajul Arefin <merajularefin@gmail.com>
Micha Hanselmann <micha.hanselmann@gmail.com>
Michael Cirone <mikecirone@gmail.com>
Michael Constant <mconst@gmail.com>
Michael Forney <mforney@mforney.org>
Michael Gilbert <floppymaster@gmail.com>
Michael Herrmann <michael@herrmann.io>
Michael Kolomeytsev <michael.kolomeytsev@gmail.com>
Michael Lopez <lopes92290@gmail.com>
Michael Morrison <codebythepound@gmail.com>
Michael Müller <michael@fds-team.de>
Michael Schechter <mike.schechter@gmail.com>
Michael Smith <sideshowbarker@gmail.com>
Michael Weiss <dev.primeos@gmail.com>
Michaël Zasso <mic.besace@gmail.com>
Michael Zugelder <michael@zugelder.org>
Michel Promonet <michel.promonet.1@gmail.com>
Mihai Maerean <mmaerean@adobe.com>
Mihai Tica <mihai.o.tica@gmail.com>
Mihai Tica <mitica@adobe.com>
Mike Pennisi <mike@mikepennisi.com>
Mike Tilburg <mtilburg@adobe.com>
Mikhail Pozdnyakov <mikhail.pozdnyakov@intel.com>
Milko Leporis <milko.leporis@imgtec.com>
Milton Chiang <milton.chiang@mediatek.com>
Milutin Smiljanic <msmiljanic.gm@gmail.com>
Minchul Kang <tegongkang@gmail.com>
Ming Lei <minggeorgelei@gmail.com>
Mingeun Park <mindal99546@gmail.com>
Minggang Wang <minggang.wang@intel.com>
Mingmin Xie <melvinxie@gmail.com>
Mingming Xu <mingming1.xu@intel.com>
Mingyue Ji <myandyji@gmail.com>
Minjeong Kim <deoxyribonucleicacid150@gmail.com>
Minjeong Lee <apenr1234@gmail.com>
Minseok Koo <kei98301@gmail.com>
Minsoo Max Koo <msu.koo@samsung.com>
Miran Karic <miran.karic@imgtec.com>
Mirela Budaes <mbudaes@adobe.com>
Mirela Budaes <mbudaes@gmail.com>
Mitchell Cohen <mitchell@agilebits.com>
Miyoung Shin <myid.shin@navercorp.com>
Mohamed I. Hammad <ibraaaa@gmail.com>
Mohamed Mansour <m0.interactive@gmail.com>
Mohamed Hany Youns <mohamedhyouns@gmail.com>
Mohammad Azam <m.azam@samsung.com>
MohammadSabri <mohammad.kh.sabri@exalt.ps>
Mohammed Ashraf <mohammedashraf4599@gmail.com>
Mohammed Wajahat Ali Siddiqui <wajahat.s@samsung.com>
Mohan Reddy <mohan.reddy@samsung.com>
Mohit Bhalla <bhallam@amazon.com>
Mohraiel Matta <mohraielmatta@gmail.com>
Moiseanu Rares-Marian <moiseanurares@gmail.com>
Momoka Yamamoto <momoka.my6@gmail.com>
Momoko Hattori <momohatt10@gmail.com>
Mostafa Sedaghat joo <mostafa.sedaghat@gmail.com>
Mrunal Kapade <mrunal.kapade@intel.com>
Muhammad Mahad <mahadtxt@gmail.com>
Munira Tursunova <moonira@google.com>
Myeongjin Cho <myeongjin.cho@navercorp.com>
Myles C. Maxfield <mymax@amazon.com>
Myung-jong Kim <mjkim610@gmail.com>
Myunghoon Kim <asdvfrqwe@gmail.com>
Nagarajan Narayanan <nagarajan.n@samsung.com>
Nagarjuna Atluri <nagarjuna.a@samsung.com>
Naiem Shaik <naiem.shaik@gmail.com>
Nakuru Wubni <nakuru.wubni@gitstart.dev>
Naman Kumar Narula <namankumarnarula@gmail.com>
Naman Yadav <naman.yadav@samsung.com>
Nancy Tillery <hedonistsmith@gmail.com>
Naoki Takano <takano.naoki@gmail.com>
Naoto Ono <onoto1998@gmail.com>
Naresh Pratap Singh <naresh.singh@samsung.com>
Nathan Mitchell <nathaniel.v.mitchell@gmail.com>
Naveen Bobbili <naveenbobbili@motorola.com>
Naveen Bobbili <qghc36@motorola.com>
Naveen Kumar Devaraj <devarajn@amazon.com>
Naveen Kumar S G <naveensg@samsung.com>
Nayan Kumar K <qtc746@motorola.com>
Nayeem Hasan <nayeemhasan.nh01@gmail.com>
Nayeon Kim <skdus3373@gmail.com>
Neal Gompa <ngompa13@gmail.com>
Ned Williamson <nedwilliamson@gmail.com>
Nedeljko Babic <nedeljko.babic@imgtec.com>
Neehit Goyal <neehit.goyal@samsung.com>
Nidhi Jaju <nidhijaju127@gmail.com>
Niek van der Maas <mail@niekvandermaas.nl>
Nik Pavlov <nikita.pavlov.dev@gmail.com>
Nikhil Bansal <n.bansal@samsung.com>
Nikhil Meena <iakhilmeena@gmail.com>
Nikhil Sahni <nikhil.sahni@samsung.com>
Nikita Ofitserov <himikof@gmail.com>
Niklas Hambüchen <mail@nh2.me>
Niklas Schulze <me@jns.io>
Nikola Kovacs <nikola.kovacs@gmail.com>
Nils Schneider <nils.schneider@gmail.com>
Nils Schneider <nils@nilsschneider.net>
Ningxin Hu <ningxin.hu@intel.com>
Nitish Mehrotra <nitish.m@samsung.com>
Nivedan Sharma <ni.sharma@samsung.com>
Noam Rosenthal <noam.j.rosenthal@gmail.com>
Noj Vek <nojvek@gmail.com>
Nolan Cao <nolan.robin.cao@gmail.com>
Nourhan Hasan <nourhan.m.hasan@gmail.com>
Oleksii Kadurin <ovkadurin@gmail.com>
Oliver Dunk <oliver@oliverdunk.com>
Olivier Tilloy <olivier+chromium@tilloy.net>
Olli Raula (Old name Olli Syrjälä) <olli.raula@intel.com>
Omar Sandoval <osandov@osandov.com>
Omar Shawky <omarmshawky11@gmail.com>
Orko Garai <orko.garai@gmail.com>
Owen Shaw <owenpshaw@gmail.com>
Owen Yuwono <owenyuwono@gmail.com>
Palash Verma <palashverma47@gmail.com>
Pan Deng <pan.deng@intel.com>
Parag Radke <nrqv63@motorola.com>
Paras Awasthi <awasthiparas6@gmail.com>
Paritosh Kumar <paritosh.in@samsung.com>
Pasquale Riello <pas.riello@gmail.com>
Patrasciuc Sorin Cristian <cristian.patrasciuc@gmail.com>
Patricija Cerkaite <cer.patricija@gmail.com>
Patrick Chan <chanpatorikku@gmail.com>
Patrick Kettner <patrickkettner@gmail.com>
Patrick Riordan <patrickriordan177@gmail.com>
Patrick Stein <patrickwonders@gmail.com>
Patrik Ackland <patrikackland@gmail.com>
Paul Adolph <padolph@netflix.com>
Paul Kehrer <paul.l.kehrer@gmail.com>
Paul Lind <paul.lind@imgtec.com>
Paul Nettleship <pnettleship@gmail.com>
Paul Robinson <paulrobinson85@googlemail.com>
Paul Roskell <blurrech@gmail.com>
Paul Sapunaru <paul.sapunaru@intel.com>
Paul Wicks <pwicks86@gmail.com>
Pavan Kumar Emani <pavan.e@samsung.com>
Pavel Golikov <paullo612@ya.ru>
Pavel Ivanov <paivanof@gmail.com>
Pawan Udassi <pawanudassi@hotmail.com>
Pawel Forysiuk <p.forysiuk@samsung.com>
Paweł Hajdan jr <phajdan.jr@gmail.com>
Paweł Stanek <pawel@gener8ads.com>
Piotr Zarycki <piotr.zarycki@gmail.com>
Payal Pandey <payal.pandey@samsung.com>
Pedro Tôrres <t0rr3s.p3dr0@gmail.com>
Peng Hu <penghu@tencent.com>
Peng Jiang <leiyi.jp@gmail.com>
Peng Xinchao <pxinchao@gmail.com>
Peng Zhou <zhoupeng.1996@bytedance.com>
Peng-Yu Chen <pengyu@libstarrify.so>
Pei Wang <wangpei@uniontech.com>
Peter Bright <drpizza@quiscalusmexicanus.org>
Peter Brophy <pbrophy@adobe.com>
Peter Collingbourne <peter@pcc.me.uk>
Peter Gal <pgal.u-szeged@partner.samsung.com>
Peter Griffin <peter.griffin@linaro.org>
Peter Molnar <pmolnar.u-szeged@partner.samsung.com>
Peter Snyder <snyderp@gmail.com>
Peter Varga <pvarga@inf.u-szeged.hu>
Peter Wong <peter.wm.wong@gmail.com>
Phan Quang Minh <phanquangminh217@gmail.com>
Philip Hanson <philip.hanson@intel.com>
Philipp Hancke <fippo@andyet.net>
Philipp Hancke <philipp.hancke@googlemail.com>
Philippe Beauchamp <philippe.beauchamp@gmail.com>
Philippe Beaudoin <philippe.beaudoin@gmail.com>
PhistucK <phistuck@gmail.com>
Pierre Neter <pierreneter@gmail.com>
Pierre-Antoine LaFayette <pierre.lafayette@gmail.com>
Po-Chun Chang <pochang0403@gmail.com>
Prakhar Shrivastav <p.shri@samsung.com>
Pramod Begur Srinath <pramod.bs@samsung.com>
Pranay Kumar <pranay.kumar@samsung.com>
Prashant Hiremath <prashhir@cisco.com>
Prashant Nevase <prashant.n@samsung.com>
Prashant Patil <prashant.patil@imgtec.com>
Pratham <prathamIN@proton.me>
Praveen Akkiraju <praveen.anp@samsung.com>
Preeti Nayak <preeti.nayak@samsung.com>
Pritam Nikam <pritam.nikam@samsung.com>
Psychpsyo <psychpsyo@gmail.com>
Puttaraju R <puttaraju.r@samsung.com>
Punith Nayak <npunith125@gmail.com>
Qi Tiezheng <qitiezheng@360.cn>
Qi Yang <qi1988.yang@samsung.com>
Qiang Zeng <zengqiang1@huawei.com>
Qiankun Miao <qiankun.miao@intel.com>
Qing Zhang <qing.zhang@intel.com>
Qingmei Li <qingmei.li@vivo.com>
Qiyao Yuan <qiyaoyuan@tencent.com>
Radu Stavila <stavila@adobe.com>
Radu Velea <radu.velea@intel.com>
Rafael Antognolli <rafael.antognolli@intel.com>
Raghavendra Ghatage <r.ghatage@samsung.com>
Raghu Ram Nagaraj <r.nagaraj@samsung.com>
Rahul Gupta <rahul.g@samsung.com>
Rahul Yadav <rahul.yadav@samsung.com>
Rajesh Mahindra <rmahindra@uber.com>
Rajneesh Rana <rajneesh.r@samsung.com>
Raman Tenneti <raman.tenneti@gmail.com>
Ramkumar Gokarnesan <ramkumar.gokarnesan@gmail.com>
Ramkumar Ramachandra <artagnon@gmail.com>
Ramya Vadlamudi <ramya.v@samsung.com>
Randy Posynick <randy.posynick@gmail.com>
Raphael Kubo da Costa <raphael.kubo.da.costa@intel.com>
Raul Tambre <raul@tambre.ee>
Rastislav Vašička <rastislav.vasicka@codetech.cc>
Raveendra Karu <r.karu@samsung.com>
Ravi Nanjundappa <nravi.n@samsung.com>
Ravi Phaneendra Kasibhatla <r.kasibhatla@samsung.com>
Ravi Phaneendra Kasibhatla <ravi.kasibhatla@motorola.com>
Ravindra Kumar <ravindra.k2@samsung.com>
Raviraj Sitaram <raviraj.p.sitaram@intel.com>
Rebecca Chang Swee Fun <rebecca.chang@starfivetech.com>
Reda Tawfik <redatawfik@noogler.google.com>
Réda Housni Alaoui <alaoui.rda@gmail.com>
Refael Ackermann <refack@gmail.com>
Rémi Arnaud <jsremi@gmail.com>
Renata Hodovan <hodovan.renata@gmail.com>
Rene Bolldorf <rb@radix.io>
Rene Ladan <r.c.ladan@gmail.com>
Richard Baranyi <lordprotector@gmail.com>
Richard Li <richard.li@intel.com>
Richard Smith <happyercat@gmail.com>
Rijubrata Bhaumik <rijubrata.bhaumik@intel.com>
Riku Voipio <riku.voipio@linaro.org>
Ritesh Saharan <r.saharan@samsung.com>
Rob Buis <rob.buis@samsung.com>
Rob Wu <rob@robwu.nl>
Robert Bear Travis <bear.travis@gmail.com>
Robert Bear Travis <betravis@adobe.com>
Robert Bradford <robert.bradford@intel.com>
Robert Goldberg <goldberg@adobe.com>
Robert Günzler <r@gnzler.io>
Robert Hogan <robhogan@gmail.com>
Robert O'Callahan <rocallahan@gmail.com>
Robert Nagy <robert.nagy@gmail.com>
Robert Sesek <rsesek@bluestatic.org>
Roee Kasher <roee91@gmail.com>
Roger Sanders <sanders_roger@hotmail.com>
Roger Sanders <sanders.rogerj@gmail.com>
Roger Zanoni <rogerzanoni@gmail.com>
Roland Takacs <rtakacs.u-szeged@partner.samsung.com>
Romain Pokrzywka <romain.pokrzywka@gmail.com>
Rosen Dash <nqk836@motorola.com>
Rosen Dash <rosen.dash@gmail.com>
Ross Kirsling <rkirsling@gmail.com>
Ross Wollman <ross.wollman@gmail.com>
Roy Le <royle0502@gmail.com>
Roy Le <royle@tencent.com>
Ruan Beihong <ruanbeihong@gmail.com>
ruben <chromium@hybridsource.org>
Ruben Bridgewater <ruben@bridgewater.de>
Ruben Terrazas <rubentopo@gmail.com>
Rufus Hamade <rufus.hamade@imgtec.com>
Ruiyi Luo <luoruiyi2008@gmail.com>
Rulong Chen <rulong.crl@alibaba-inc.com>
Russell Davis <russell.davis@gmail.com>
Ryan Ackley <ryanackley@gmail.com>
Ryan Gonzalez <rymg19@gmail.com>
Ryan Manuel <rfmanuel@gmail.com>
Ryan Norton <rnorton10@gmail.com>
Ryan Sleevi <ryan-chromium-dev@sleevi.com>
Ryan Yoakum <ryoakum@skobalt.com>
Ryan Huen <ryanhuenprivate@gmail.com>
Rye Zhang <ryezhang@tencent.com>
Ryo Ogawa <negibokken@gmail.com>
Ryuan Choi <ryuan.choi@samsung.com>
Saikrishna Arcot <saiarcot895@gmail.com>
Sajal Khandelwal <skhandelwa22@bloomberg.net>
Sajeesh Sidharthan <sajeesh.sidharthan@amd.corp-partner.google.com>
Sakib Shabir <s1.tantray@samsung.com>
Saksham Mittal <gotlouemail@gmail.com>
Salvatore Iovene <salvatore.iovene@intel.com>
Sam James <sam@gentoo.org>
Sam Larison <qufighter@gmail.com>
Sam McDonald <sam@sammcd.com>
Samuel Attard <samuel.r.attard@gmail.com>
Samuel Maddock <samuelmaddock@electronjs.org>
Sanfeng Liao <sanfengliao@gmail.com>
Sanggi Hong <sanggi.hong11@gmail.com>
Sanghee Lee <sanghee.lee1992@gmail.com>
Sangheon Kim <sangheon77.kim@samsung.com>
Sanghyun Park <sh919.park@samsung.com>
Sanghyup Lee <sh53.lee@samsung.com>
Sangjoon Je <htamop@gmail.com>
Sangseok Jang <sangseok.jang@gmail.com>
Sangseok Jang <sangseok.jang@navercorp.com>
Sangwoo Ko <sangwoo.ko@navercorp.com>
Sangwoo Ko <sangwoo108@gmail.com>
Sanjoy Pal <ncj674@motorola.com>
Sanjoy Pal <sanjoy.pal@samsung.com>
Sanne Wouda <sanne.wouda@gmail.com>
Santosh Mahto <samahto@cisco.com>
Sarah Jochum <smjochum@gmail.com>
Sarath Singapati <s.singapati@gmail.com>
Sarath Singapati <s.singapati@samsung.com>
Sarath Singapati <sarath.singapati@huawei.com>
Saravanan KR <sramajay@cisco.com>
Sathish Kuppuswamy <sathish.kuppuswamy@intel.com>
Satoshi Matsuzaki <satoshi.matsuzaki@gmail.com>
Satyajit Sahu <satyajit.sahu@amd.com>
Sayan Nayak <sayan.nayak@samsung.com>
Sayan Sivakumaran <sivakusayan@gmail.com>
Scott D Phillips <scott.d.phillips@intel.com>
Sean Bryant <sean@cyberwang.net>
Sean DuBois <seaduboi@amazon.com>
Sebastian Amend <sebastian.amend@googlemail.com>
Sebastian Krzyszkowiak <dos@dosowisko.net>
Sebastian Markbåge <sebastian@calyptus.eu>
Sebastjan Raspor <sebastjan.raspor1@gmail.com>
Seo Sanghyeon <sanxiyn@gmail.com>
Seokju Kwon <seokju.kwon@gmail.com>
Seokho Song <0xdevssh@gmail.com>
SeongTae Jeong <ferendevelop.gl@gmail.com>
Sergei Poletaev <spylogsster@gmail.com>
Sergei Romanov <rsv.981@gmail.com>
Sergey Romanov <svromanov@sberdevices.ru>
Sergey Kipet <sergey.kipet@gmail.com>
Sergey Markelov <sergionso@gmail.com>
Sergey Putilin <p.sergey@samsung.com>
Sergey Shekyan <shekyan@gmail.com>
Sergey Talantov <sergey.talantov@gmail.com>
Sergio Carlos Morales Angeles <carloschilazo@gmail.com>
Sergio Garcia Murillo <sergio.garcia.murillo@gmail.com>
Sergiy Belozorov <rryk.ua@gmail.com>
Serhii Matrunchyk <sergiy.matrunchyk@gmail.com>
Seshadri Mahalingam <seshadri.mahalingam@gmail.com>
Seungkyu Lee <zx6658@gmail.com>
Sevan Janiyan <venture37@geeklan.co.uk>
Shaheen Fazim <fazim.pentester@gmail.com>
Shahriar Rostami <shahriar.rostami@gmail.com>
Shail Singhal <shail.s@samsung.com>
Shane Hansen <shanemhansen@gmail.com>
ShankarGanesh K <blr.bmlab@gmail.com>
Shanmuga Pandi M <shanmuga.m@samsung.com>
Shanxing Mei <shanxing.mei@intel.com>
Shaobo Yan <shaobo.yan@intel.com>
Shaotang Zhu <zhushaotang@uniontech.com>
Shashi Kumar <sk.kumar@samsung.com>
Shawn Anastasio <shawnanastasio@gmail.com>
Shelley Vohr <shelley.vohr@gmail.com>
Shen Yu <shenyu.tcv@gmail.com>
Sherry Mou <wenjinm@amazon.com>
Shez Baig <sbaig1@bloomberg.net>
Shi Chunlong <shicl@dingdao.com>
Shi Chunlong <shichunlong@gmail.com>
Shigeki Ohtsu <shigeki.ohtsu@gmail.com>
Shicheng Wang <wangshicheng@xiaomi.com>
Shiliu Wang <aofdwsl@gmail.com>
Shiliu Wang <shiliu.wang@intel.com>
Shilpa Shri <shilpa.shri@samsung.com>
Shirish S <shirish.s@amd.com>
Shiva Kumar <shiva.k1@samsung.com>
Shivakumar JM <shiva.jm@samsung.com>
Shiyi Zou <shiyi.zou@intel.com>
Shobhit Goel <shobhit.goel@samsung.com>
Shouqun Liu <liushouqun@xiaomi.com>
Shouqun Liu <shouqun.liu@intel.com>
Shreeram Kushwaha <shreeram.k@samsung.com>
Shrey Patel <shrey1patel2@gmail.com>
Shreyas Gopal <shreyas.g@samsung.com>
Shreyas VA <v.a.shreyas@gmail.com>
Shubham Agrawal <shubag@amazon.com>
Shubham Gupta <shubh.gupta@samsung.com>
Siba Samal <siba.samal@samsung.com>
Sida Zhu <zhusida@bytedance.com>
Siddharth Bagai <b.siddharth@samsung.com>
Siddharth Shankar <funkysidd@gmail.com>
Siddhartha Barman Joy <siddhartha.j@samsung.com>
Simeon Kuran <simeon.kuran@gmail.com>
Simon Arlott <simon.arlott@gmail.com>
Simon Cadman <simon@cadman.uk>
Simon Jackson <simon.jackson@sonocent.com>
Simon La Macchia <smacchia@amazon.com>
Siva Kumar Gunturi <siva.gunturi@samsung.com>
Slava Aseev <nullptrnine@gmail.com>
Smriti Singh <s01.singh@samsung.com>
Sohom Datta <sohom.datta@learner.manipal.edu>
Sohom Datta <dattasohom1@gmail.com>
Song Fangzhen <songfangzhen@bytedance.com>
Song Qinglin <songql@dingdao.com>
Song Qinglin <songqinglin@gmail.com>
Song YeWen <ffmpeg@gmail.com>
Sooho Park <sooho1000@gmail.com>
Soojung Choi <crystal2840@gmail.com>
Soorya R <soorya.r@samsung.com>
Soren Dreijer <dreijerbit@gmail.com>
Spencer Wilson <spencer@spencerwilson.org>
Sreerenj Balachandran <sreerenj.balachandran@intel.com>
Srirama Chandra Sekhar Mogali <srirama.m@samsung.com>
Stacy Kim <stacy.kim@ucla.edu>
Staphany Park <stapark008@gmail.com>
Stephan Hartmann <stha09@googlemail.com>
Stephen Searles <stephen.searles@gmail.com>
Stephen Sigwart <ssigwart@gmail.com>
Steve Sanders <steve@zanderz.com>
Steven Cohen <peragwin@gmail.com>
Steven Pennington <spenn@engr.uvic.ca>
Steven Roussey <sroussey@gmail.com>
Subrahmanya Praveen Munukutla <sataya.m@samsung.com>
Sucheta Saraf <suchetasaraf95@gmail.com>
Suchit Agrawal <a.suchit@samsung.com>
Sudarsana Babu Nagineni <sudarsana.nagineni@intel.com>
Sudarshan Parthasarathy <sudarshan.p@samsung.com>
Sujae Jo <sujae33.jo@gmail.com>
Sujith S S <sujiths.s@samsung.com>
Sumaid Syed <sumaidsyed@gmail.com>
Sunchang Li <johnstonli@tencent.com>
Sundoo Kim <nerdooit@gmail.com>
Sundoo Kim <0xd00d00b@gmail.com>
Suneel Kota <suneel.kota@samsung.com>
Sung Lee <sung.lee@amd.com>
Sungguk Lim <limasdf@gmail.com>
Sunghyeok Kang <sh0528.kang@samsung.com>
Sungmann Cho <sungmann.cho@gmail.com>
Sungmann Cho <sungmann.cho@navercorp.com>
Sunil Ratnu <sunil.ratnu@samsung.com>
Sunitha Srivatsa <srivats@amazon.com>
Sunwoo Nam <jegalzz88@gmail.com>
Suresh Guttula <suresh.guttula@amd.corp-partner.google.com>
Surya K M <suryagowda590@gmail.com>
Sushma Venkatesh Reddy <sushma.venkatesh.reddy@intel.com>
Suvanjan Mukherjee <suvanjanmukherjee@gmail.com>
Suyambulingam R M <suyambu.rm@samsung.com>
Suyash Nayan <suyashnyn1@gmail.com>
Suyash Sengar <suyash.s@samsung.com>
Swarali Raut <swarali.sr@samsung.com>
Swati Jaiswal <swa.jaiswal@samsung.com>
Syed Wajid <syed.wajid@samsung.com>
Sylvain Zimmer <sylvinus@gmail.com>
Sylvestre Ledru <sylvestre.ledru@gmail.com>
Synthia Islam <synthia.is@samsung.com>
Szabolcs David <davidsz@inf.u-szeged.hu>
Szilard Szaloki <szilardszaloki@gmail.com>
Szymon Piechowicz <szymonpiechowicz@o2.pl>
Taeheon Kim <skyrabbits1@gmail.com>
Taeho Nam <thn7440@gmail.com>
Taehoon Lee <taylor.hoon@gmail.com>
Taeseong Yu <yugeeklab@gmail.com>
Taeyeon Kim <ssg9732@gmail.com>
Tae Shin <taeshindev@gmail.com>
Taher Ali <taher.dasten@gmail.com>
Takaaki Suzuki <takaakisuzuki.14@gmail.com>
Takahiro Aoyagi <hogehoge@gachapin.jp>
Takashi Fujita <tgfjt.mail@gmail.com>
Takashi Mima <tks.m1205@gmail.com>
Takeshi Kurosawa <taken.spc@gmail.com>
Takuya Kurimoto <takuya004869@gmail.com>
Tanay Chowdhury <tanay.c@samsung.com>
Tanvir Rizvi <tanvir.rizvi@samsung.com>
Tao Wang <tao.wang.2261@gmail.com>
Tao Xiong <taox4@illinois.edu>
Tapu Kumar Ghose <ghose.tapu@gmail.com>
Taylor Price <trprice@gmail.com>
Ted Kim <neot0000@gmail.com>
Ted Vessenes <tedvessenes@gmail.com>
Teodora Novkovic <teodora.petrovic@gmail.com>
Thiago Farina <thiago.farina@gmail.com>
Thiago Marcos P. Santos <thiago.santos@intel.com>
Thirumurugan <thiruak1024@gmail.com>
Thomas Butter <tbutter@gmail.com>
Thomas Conti <tomc@amazon.com>
Thomas Nguyen <haitung.nguyen@avast.com>
Thomas Phillips <tphillips@snapchat.com>
Thomas White <im.toms.inbox@gmail.com>
Tiago Vignatti <tiago.vignatti@intel.com>
Tianyi Zhang <me@1stprinciple.org>
Tibor Dusnoki <tibor.dusnoki.91@gmail.com>
Tibor Dusnoki <tdusnoki@inf.u-szeged.hu>
Tien Hock Loh <tienhock.loh@starfivetech.com>
Tim Ansell <mithro@mithis.com>
Tim Barry <oregongraperoot@gmail.com>
Tim Niederhausen <tim@rnc-ag.de>
Tim Steiner <twsteiner@gmail.com>
Timo Gurr <timo.gurr@gmail.com>
Timo Reimann <ttr314@googlemail.com>
Timo Witte <timo.witte@gmail.com>
Timothy Pearson <tpearson@raptorcs.com>
Ting Shao <ting.shao@intel.com>
Tobias Lippert <tobias.lippert@fastmail.com>
Tobias Soppa <tobias@soppa.me>
Tobias Soppa <tobias.soppa@code.berlin>
Tom Callaway <tcallawa@redhat.com>
Tom Harwood <tfh@skip.org>
Tomas Popela <tomas.popela@gmail.com>
Tomasz Edward Posłuszny <tom@devpeer.net>
Tony Shen <legendmastertony@gmail.com>
Topi Lassila <tolassila@gmail.com>
Torsten Kurbad <google@tk-webart.de>
Toshihito Kikuchi <leamovret@gmail.com>
Toshiaki Tanaka <zokutyou2@gmail.com>
Travis Leithead <travis.leithead@gmail.com>
Trent Willis <trentmwillis@gmail.com>
Trevor Perrin <unsafe@trevp.net>
Tripta Gupta <triptagupta19@gmail.com>
Tripta Gupta <tripta.g@samsung.com>
Tristan Fraipont <tristan.fraipont@gmail.com>
Tudor Brindus <me@tbrindus.ca>
Tushar Singh <tusharsinghnx@gmail.com>
Tuukka Toivonen <tuukka.toivonen@intel.com>
Tyler Jones <tylerjdev@github.com>
U. Artie Eoff <ullysses.a.eoff@intel.com>
Umar Hansa <umar.hansa@gmail.com>
Upendra Gowda <upendrag.gowda@gmail.com>
Utzcoz <utzcoz@gmail.com>
UwU UwU <uwu7586@gmail.com>
Uzair Jaleel <uzair.jaleel@samsung.com>
Uzochukwu Ochogu <uzochukwu.ochogu@gitstart.dev>
Vadim Gorbachev <bmsdave@gmail.com>
Vaibhav Agrawal <vaibhav1.a@samsung.com>
Valentin Ilie <valentin.ilie@intel.com>
Vamshikrishna Yellenki <vamshi@motorola.com>
Vani Hegde <vani.hegde@samsung.com>
Vartul Katiyar <vartul.k@samsung.com>
Varun Chowdhary Paturi <v.paturi@samsung.com>
Varun Varada <varuncvarada@gmail.com>
Vedran Šajatović <vedran.sajatovic@gmail.com>
Vernon Tang <vt@foilhead.net>
Viatcheslav Ostapenko <sl.ostapenko@samsung.com>
Victor Costan <costan@gmail.com>
Victor Solonsky <victor.solonsky@gmail.com>
Viet-Trung Luu <viettrungluu@gmail.com>
Vikas Mundra <vikas.mundra@samsung.com>
Vinay Anantharaman <vinaya@adobe.com>
Vinoth Chandar <vinoth@uber.com>
Vipul Bhasin <vipul.bhasin@gmail.com>
Visa Putkinen <v.putkinen@partner.samsung.com>
Vishal Bhatnagar <vishal.b@samsung.com>
Vishal Lingam <vishal.reddy@samsung.com>
Vitaliy Kharin <kvserr@gmail.com>
Vivek Galatage <vivek.vg@samsung.com>
Vlad Zahorodnii <vlad.zahorodnii@kde.org>
Volker Sorge <volker.sorge@gmail.com>
Waihung Fu <fufranci@amazon.com>
wafuwafu13 <mariobaske@i.softbank.jp>
Wojciech Bielawski <wojciech.bielawski@gmail.com>
Wang Chen <wangchen20@iscas.ac.cn>
Wang Chen <unicornxw@gmail.com>
Wang Weiwei <wangww@dingdao.com>
Wang Zirui <kingzirvi@gmail.com>
Wangyang Dai <jludwy@gmail.com>
Wanming Lin <wanming.lin@intel.com>
Wei Li <wei.c.li@intel.com>
Weicong Yu <yuweicong666@gmail.com>
Wen Fan <fanwen1@huawei.com>
Wenxiang Qian <leonwxqian@gmail.com>
WenSheng He <wensheng.he@samsung.com>
Wesley Lancel <wesleylancel@gmail.com>
Wei Wang <wei4.wang@intel.com>
Wei Wen <wenwei.wenwei@bytedance.com>
Weidong Liu <liuwd8@gmail.com>
Wesley Wigham <wwigham@gmail.com>
Will Cohen <wwcohen@gmail.com>
Will Hirsch <chromium@willhirsch.co.uk>
Will Shackleton <w.shackleton@gmail.com>
Will Watts <willwatts.ww@googlemail.com>
William Xie <william.xie@intel.com>
Winston Chen <winston.c1@samsung.com>
Xialei Qin <qinxialei@uniontech.com>
Xiang Long <xiang.long@intel.com>
XiangYang <yangxiang12@huawei.com>
Xiangze Zhang <xiangze.zhang@intel.com>
Xiaobing Yang <yangxiaobing@qianxin.com>
Xiaofeng Zhang <xiaofeng.zhang@intel.com>
Xiaolei Yu <dreifachstein@gmail.com>
Xiaoshu Zhang <xiaoshu@amazon.com>
Xiaoyin Liu <xiaoyin.l@outlook.com>
Xinchao He <hexinchao@gmail.com>
Xinchao Tian <tianxinchao@360.cn>
Xing Zhang <xzhang@adobe.com>
Xinghua Cao <xinghua.cao@intel.com>
Xu Samuel <samuel.xu@intel.com>
Xu Xing <xing.xu@intel.com>
Xuefei Ren <xrenishere@gmail.com>
Xuefu Zhang <xuefu.sh@gmail.com>
Xuehui Xie <xuehui.xxh@alibaba-inc.com>
Xueqing Huang <huangxueqing@xiaomi.com>
Xun Sun <xun.sun@intel.com>
Xunran Ding <xunran.ding@samsung.com>
Xunran Ding <dingxunran@gmail.com>
Yael Aharon <yael.aharon@intel.com>
Yan Wang <yan0422.wang@samsung.com>
Yang Gu <yang.gu@intel.com>
Yang Liu <jd9668954@gmail.com>
Yang Liu <yangliu.leo@bytedance.com>
Yannay Hammer <yannayha@gmail.com>
Yannic Bonenberger <yannic.bonenberger@gmail.com>
Yarin Kaul <yarin.kaul@gmail.com>
Yash Joshi <yashjoshimail@gmail.com>
Yash Vempati <vempatiy@amazon.com>
Yash Vinayak <yash.vinayak@samsung.com>
Ye Liu <cbakgly@gmail.com>
Yeol Park <peary2@gmail.com>
Yeonwoo Jo <yeonwoo.jo.92@gmail.com>
Yi Shen <yi.shen@samsung.com>
Yi Sun <ratsunny@gmail.com>
Yichen Jiang <jiangyichen123@gmail.com>
Yifei Yu <yuyifei@xiaomi.com>
Yi Zhang <yi.y.zhang@intel.com>
Yizhou Jiang <yizhou.jiang@intel.com>
Yoav Weiss <yoav@yoav.ws>
Yoav Zilberberg <yoav.zilberberg@gmail.com>
Yogesh <yogesh.dabas@samsung.com>
Yoichiro Hibara <hibarayoichiro871@gmail.com>
Yong Ling <yongling@tencent.com>
Yong Shin <sy3620@gmail.com>
Yong Wang <ccyongwang@tencent.com>
Yonggang Luo <luoyonggang@gmail.com>
Yongha Lee <yongha78.lee@samsung.com>
Yongsang Park <yongsangpark980813@gmail.com>
Yongseok Choi <yongseok.choi@navercorp.com>
Yongsheng Zhu <yongsheng.zhu@intel.com>
Yoonjae Cho <yoonjae.cho92@gmail.com>
Yoshinori Sano <yoshinori.sano@gmail.com>
Yoshiya Hinosawa <stibium121@gmail.com>
Young Min Kim <y@ylem.kim>
Youngho Seo <hazivoo@gmail.com>
Youngjin Choi <cyjin9.yc@gmail.com>
YoungKi Hong <simon.hong81@gmail.com>
Youngmin Yoo <youngmin.yoo@samsung.com>
Youngmin Hong <mjdal0523@gmail.com>
Youngsoo Choi <kenshin.choi@samsung.com>
Youngsun Suh <zard17@gmail.com>
Yuan-Pin Yu <yjames@uber.com>
Yuhong Sha <yuhong.sha@samsung.com>
YuJiang Zhou <zhouyujiang.zyj@alibaba-inc.com>
Yuki Osaki <yuki.osaki7@gmail.com>
Yuki Tsuchiya <Yuki.Tsuchiya@sony.com>
Yuma Takai <tara20070827@gmail.com>
Yumikiyo Osanai <yumios.art@gmail.com>
Yumin Su <yuminsu.hi@gmail.com>
Yunchao He <yunchao.he@intel.com>
Yupei Lin <yplam@yplam.com>
Yupei Wang <perryuwang@tencent.com>
Yuqing Cao <caoyuqing@huawei.com>
Yura Yaroshevich <yura.yaroshevich@gmail.com>
Yuri Gorobets <yuri.gorobets@gmail.com>
Yuriy Taraday <yorik.sar@gmail.com>
Yuta Kasai <kasai.yuta0810@gmail.com>
Yuvanesh Natarajan <yuvanesh.n1@samsung.com>
Zach Bjornson <zbbjornson@gmail.com>
Zachary Capalbo <zach.geek@gmail.com>
Zehan Li <synclzhhans@gmail.com>
Zeno Albisser <zeno.albisser@digia.com>
Zeqin Chen <talonchen@tencent.com>
Zhanbang He <hezhanbang@gmail.com>
Zhang Hao <zhanghao.m@bytedance.com>
Zhang Hao <15686357310a@gmail.com>
Zhao Qin <qzmiss@gmail.com>
Zhaoming Jiang <zhaoming.jiang@intel.com>
Zhaoze Zhou <zhaoze.zhou@partner.samsung.com>
Zheda Chen <zheda.chen@intel.com>
Zheng Chuang <zhengchuangscu@gmail.com>
Zheng Xu <zxu@kobo.com>
Zhengkun Li <zhengkli@amazon.com>
Zhenyu Liang <zhenyu.liang@intel.com>
Zhenyu Shan <zhenyu.shan@intel.com>
Zhibo Wang <zhibo1.wang@intel.com>
Zhifei Fang <facetothefate@gmail.com>
Zhiyuan Ye <zhiyuanye@tencent.com>
Zhongwei Wang <carolwolfking@gmail.com>
Zhou Jun <zhoujun@uniontech.com>
Zhuoyu Qian <zhuoyu.qian@samsung.com>
Ziran Sun <ziran.sun@samsung.com>
Zoltan Czirkos <czirkos.zoltan@gmail.com>
Zoltan Herczeg <zherczeg.u-szeged@partner.samsung.com>
Zoltan Kuscsik <zoltan.kuscsik@linaro.org>
Zoru Lee <donzoru@gmail.com>
Zuckjet <zuckjet@gmail.com>
Zsolt Borbely <zsborbely.u-szeged@partner.samsung.com>
方觉 (Fang Jue) <fangjue23303@gmail.com>
迷渡 <justjavac@gmail.com>
郑苏波 (Super Zheng) <superzheng@tencent.com>
一丝 (Yisi) <yiorsi@gmail.com>
林训杰 (XunJie Lin) <wick.linxunjie@gmail.com>
# Please DO NOT APPEND here. See comments at the top of the file.
# END individuals section.

# BEGIN organizations section.
Accenture <*@accenture.com>
ACCESS CO., LTD. <*@access-company.com>
Ada Logics Ltd. <*@adalogics.com>
Akamai Inc. <*@akamai.com>
ARM Holdings <*@arm.com>
BlackBerry Limited <*@blackberry.com>
Bocoup <*@bocoup.com>
Brave Software Inc. <*@brave.com>
Canonical Limited <*@canonical.com>
Cloudflare, Inc. <*@cloudflare.com>
CloudMosa, Inc. <*@cloudmosa.com>
Code Aurora Forum <*@codeaurora.org>
CodeWeavers, Inc. <*@codeweavers.com>
Collabora Limited <*@collabora.com>
Comodo CA Limited CoSMo Software pvt ltd <*@cosmosoftware.io>
Cosium <*@cosium.com>
Dell Technologies Inc. <*@dell.corp-partner.google.com>
Ding (Beijing) Intelligent Technology Co. Ltd <*@dingdao.com>
Dropbox, Inc. <*@dropbox.com>
Duck Duck Go, Inc. <*@duckduckgo.com>
Endless Mobile, Inc. <*@endlessm.com>
EngFlow, Inc. <*@engflow.com>
Estimote, Inc. <*@estimote.com>
Google Inc. <*@google.com>
Grammarly, Inc. <*@grammarly.com>
Here Inc. <*@here.io>
Hewlett-Packard Development Company, L.P. <*@hp.com>
HyperConnect Inc. <*@hpcnt.com>
IBM Inc. <*@*.ibm.com>
IBM Inc. <*@ibm.com>
Igalia S.L. <*@igalia.com>
Imagination Technologies Limited <*@imagination.corp-partner.google.com>
Impossible Dreams Network <*@impossibledreams.net>
Intel Corporation <*@intel.com>
Island Technology, Inc. <*@island.io>
LG Electronics, Inc. <*@lge.com>
Loongson Technology Corporation Limited. <*@loongson.cn>
Macadamian <*@macadamian.com>
Mail.ru Group <*@corp.mail.ru>
Make Positive Provar Limited <*@provartesting.com>
Mediatek <*@mediatek.com>
Meta Platforms, Inc. <*@fb.com>
Meta Platforms, Inc. <*@meta.com>
Meta Platforms, Inc. <*@oculus.com>
Microsoft <*@microsoft.com>
MIPS Technologies, Inc. <*@mips.com>
Mobica Limited <*@mobica.com>
Mozilla Corporation <*@mozilla.com>
Neverware Inc. <*@neverware.com>
NIKE, Inc. <*@nike.com>
Nutanix Inc. <*nutanix.com>
NVIDIA Corporation <*@nvidia.com>
OpenFin Inc. <*@openfin.co>
Opera Software ASA <*@opera.com>
Optical Tone Ltd <*@opticaltone.com>
Palo Alto Networks, Inc. <*@paloaltonetworks.com>
Pengutronix e.K. <*@pengutronix.de>
Quality First Software GmbH <*@qf-software.com>
Rakuten Kobo Inc. <*@kobo.com>
Rakuten Kobo Inc. <*@rakuten.com>
Red Hat Inc. <*@redhat.com>
Semihalf <*@semihalf.com>
S57 ApS <*@s57.io>
Seznam.cz, a.s. <*@firma.seznam.cz>
Slack Technologies Inc. <*@slack-corp.com>
Spotify AB <*@spotify.com>
Synaptics <*@synaptics.com>
Tableau Software <*@tableau.com>
Talon Cyber Security Ltd. <*@talon-sec.com>
TeamSpeak Systems GmbH <*@teamspeak.com>
The Browser Company <*@thebrowser.company>
The Chromium Authors <*@chromium.org>
The MathWorks, Inc. <binod.pant@mathworks.com>
THEO Technologies <*@theoplayer.com>
Torchmobile Inc. Upwork <*@cloud.upwork.com>
Venture 3 Systems LLC <*@venture3systems.com>
Vewd Software AS <*@vewd.com>
Vivaldi Technologies AS <*@vivaldi.com>
Wacom <*@wacom.com>
Whist Technologies <*@whist.com>
Xperi Corporation <*@xperi.com>
Yandex LLC <*@yandex-team.ru>
Zoho Corporation <*@zohocorp.com>
# Please DO NOT APPEND here. See comments at the top of the file.
# END organizations section.
